{"cameraMode":{"drawMode":0,"name":"Shaded","section":"Shading Mode"},"sceneLighting":false,"audioPlay":false,"sceneViewState":{"m_AlwaysRefresh":false,"showFog":true,"showSkybox":false,"showFlares":true,"showImageEffects":true,"showParticleSystems":true,"showVisualEffectGraphs":true,"m_FxEnabled":false},"in2DMode":false,"pivot":{"x":-1.0843119621276856,"y":4.843121528625488,"z":0.025018692016601564},"rotation":{"x":0.47798624634742739,"y":0.03906315937638283,"z":-0.02128453738987446,"w":0.8772435188293457},"size":8.90013599395752,"orthographic":false}