{"cameraMode":{"drawMode":0,"name":"Shaded","section":"Shading Mode"},"sceneLighting":false,"audioPlay":false,"sceneViewState":{"m_AlwaysRefresh":false,"showFog":true,"showSkybox":false,"showFlares":true,"showImageEffects":true,"showParticleSystems":true,"showVisualEffectGraphs":true,"m_FxEnabled":false},"in2DMode":false,"pivot":{"x":0.017868518829345704,"y":3.585110664367676,"z":0.0028619766235351564},"rotation":{"x":0.47798624634742739,"y":0.03906315937638283,"z":-0.02128453738987446,"w":0.8772435188293457},"size":8.040236473083496,"orthographic":false}