{"cameraMode":{"drawMode":0,"name":"Shaded","section":"Shading Mode"},"sceneLighting":false,"audioPlay":false,"sceneViewState":{"m_AlwaysRefresh":false,"showFog":true,"showSkybox":true,"showFlares":true,"showImageEffects":true,"showParticleSystems":true,"showVisualEffectGraphs":true,"m_FxEnabled":false},"in2DMode":false,"pivot":{"x":59.99996566772461,"y":7.810391426086426,"z":50.13713073730469},"rotation":{"x":-0.007444890681654215,"y":-0.9925256967544556,"z":-0.08826287090778351,"w":0.08417261391878128},"size":1.2751133441925049,"orthographic":false}