{"cameraMode":{"drawMode":0,"name":"Shaded","section":"Shading Mode"},"sceneLighting":true,"audioPlay":false,"sceneViewState":{"m_AlwaysRefresh":false,"showFog":true,"showSkybox":true,"showFlares":true,"showImageEffects":true,"showParticleSystems":true,"showVisualEffectGraphs":true,"m_FxEnabled":true},"in2DMode":false,"pivot":{"x":-5.40955924987793,"y":-12.12435245513916,"z":13.493659973144532},"rotation":{"x":-0.04687751084566116,"y":-0.06755690276622772,"z":0.0031554612796753647,"w":-0.9966669678688049},"size":617.0245971679688,"orthographic":false}